"FirstName","LastName","Address","City","State","ZipCode","PhoneNumber","EmailId","AddressBookName","AddressBookType"
"Vidita","Kumari","Whitefield","Bangalore","Karnataka ","459755","6700345734","viditaK@outlook.com","AddressBook1","Family"
"Nikita","Singh","Andheri","Mumbai","Maharastra ","673455","78965345734","nikita43@orkut.com","AddressBook2","Friends"
"Shivam","Chopra","Kormangala","Bangalore","Karnataka","500122","8654190014","shivam99@gmail.com","AddressBook2","Friends"
"Rashmi","Das","Hinjewadi","Pune","Maharastra ","600155","9219345734","rashmi@orkut.com","AddressBook3","Profession"
"Shikha","Chauhan","Navi Village","Lucknow","Uttar Pradesh","317702","9246143520","shikha@gmail.com","AddressBook3","Profession"
"Anjali","Negi","Kotdwar","Dehradun","Uttarakhand","200342","9256178014","anjaliNegi@gmail.com","AddressBook2","Friends"
"Rajesh","Sharma","BTM Layout","Bangalore","Karnataka","568882","973660014","rajesh@gmail.com","AddressBook1","Family"
"Ankit","Rawat","Indiranagar","Bangalore","Karnataka","6130122","9843490014","ankit04@gmail.com","AddressBook2","Friends"
